{
  "main": {
    "id": "48e18e43e4076078",
    "type": "split",
    "children": [
      {
        "id": "1da2c5cc3d579c90",
        "type": "tabs",
        "children": [
          {
            "id": "6c36835288000984",
            "type": "leaf",
            "state": {
              "type": "markdown",
              "state": {
                "file": "Welcome.md",
                "mode": "source",
                "source": false
              },
              "icon": "lucide-file",
              "title": "Welcome"
            }
          },
          {
            "id": "e46a14c9bf91d22b",
            "type": "leaf",
            "state": {
              "type": "markdown",
              "state": {
                "file": "Untitled 1.md",
                "mode": "source",
                "source": false
              },
              "icon": "lucide-file",
              "title": "Untitled 1"
            }
          }
        ]
      }
    ],
    "direction": "vertical"
  },
  "left": {
    "id": "8a10b56658b05c50",
    "type": "split",
    "children": [
      {
        "id": "c693439b0364ca0d",
        "type": "tabs",
        "children": [
          {
            "id": "66cd8719bcfc9c46",
            "type": "leaf",
            "state": {
              "type": "file-explorer",
              "state": {
                "sortOrder": "alphabetical",
                "autoReveal": false
              },
              "icon": "lucide-folder-closed",
              "title": "Files"
            }
          },
          {
            "id": "52f7faf47e4c05c6",
            "type": "leaf",
            "state": {
              "type": "search",
              "state": {
                "query": "",
                "matchingCase": false,
                "explainSearch": false,
                "collapseAll": false,
                "extraContext": false,
                "sortOrder": "alphabetical"
              },
              "icon": "lucide-search",
              "title": "Search"
            }
          },
          {
            "id": "175a1048031fc996",
            "type": "leaf",
            "state": {
              "type": "bookmarks",
              "state": {},
              "icon": "lucide-bookmark",
              "title": "Bookmarks"
            }
          }
        ]
      }
    ],
    "direction": "horizontal",
    "width": 300
  },
  "right": {
    "id": "4e755576d4a17767",
    "type": "split",
    "children": [
      {
        "id": "29f8c84bdd5b9183",
        "type": "tabs",
        "children": [
          {
            "id": "80bb5f39833e17df",
            "type": "leaf",
            "state": {
              "type": "backlink",
              "state": {
                "file": "Welcome.md",
                "collapseAll": false,
                "extraContext": false,
                "sortOrder": "alphabetical",
                "showSearch": false,
                "searchQuery": "",
                "backlinkCollapsed": false,
                "unlinkedCollapsed": true
              },
              "icon": "links-coming-in",
              "title": "Backlinks for Welcome"
            }
          },
          {
            "id": "60354c55d6a040b3",
            "type": "leaf",
            "state": {
              "type": "outgoing-link",
              "state": {
                "file": "Welcome.md",
                "linksCollapsed": false,
                "unlinkedCollapsed": true
              },
              "icon": "links-going-out",
              "title": "Outgoing links from Welcome"
            }
          },
          {
            "id": "79cf74c03e68911f",
            "type": "leaf",
            "state": {
              "type": "tag",
              "state": {
                "sortOrder": "frequency",
                "useHierarchy": true,
                "showSearch": false,
                "searchQuery": ""
              },
              "icon": "lucide-tags",
              "title": "Tags"
            }
          },
          {
            "id": "14cca3bcfc995ea7",
            "type": "leaf",
            "state": {
              "type": "outline",
              "state": {
                "file": "Welcome.md",
                "followCursor": false,
                "showSearch": false,
                "searchQuery": ""
              },
              "icon": "lucide-list",
              "title": "Outline of Welcome"
            }
          }
        ]
      }
    ],
    "direction": "horizontal",
    "width": 300,
    "collapsed": true
  },
  "left-ribbon": {
    "hiddenItems": {
      "obsidian42-brat:BRAT": false,
      "switcher:Open quick switcher": false,
      "graph:Open graph view": false,
      "canvas:Create new canvas": false,
      "daily-notes:Open today's daily note": false,
      "templates:Insert template": false,
      "command-palette:Open command palette": false,
      "templater-obsidian:Templater": false,
      "remotely-save:Remotely Save": false
    }
  },
  "active": "6c36835288000984",
  "lastOpenFiles": [
    "Untitled 1.md",
    "Welcome.md",
    "Untitled.md",
    "template-cornell.md",
    "Unconfirmed 799454.crdownload"
  ]
}